{"count":1,"self":73.4076544,"total":171.2741509,"children":{"InitializeActuators":{"count":1,"self":0.0015099,"total":0.0015099,"children":null},"InitializeSensors":{"count":1,"self":0.0015049999999999998,"total":0.0015049999999999998,"children":null},"AgentSendState":{"count":80367,"self":0.9599316,"total":1.2805227,"children":{"CollectObservations":{"count":16074,"self":0.014469099999999999,"total":0.014469099999999999,"children":null},"WriteActionMask":{"count":16074,"self":0.0200632,"total":0.0200632,"children":null},"RequestDecision":{"count":16074,"self":0.0648724,"total":0.2860588,"children":{"AgentInfo.ToProto":{"count":16074,"self":0.059635299999999995,"total":0.22118639999999998,"children":{"GenerateSensorData":{"count":16074,"self":0.1358802,"total":0.1615511,"children":{"RayPerceptionSensor.Perceive":{"count":16074,"self":0.0256709,"total":0.0256709,"children":null}}}}}}}}},"DecideAction":{"count":80367,"self":93.9177024,"total":93.9177055,"children":null},"AgentAct":{"count":80367,"self":2.3705756,"total":2.6652554999999998,"children":{"AgentInfo.ToProto":{"count":16073,"self":0.0847588,"total":0.29468,"children":{"GenerateSensorData":{"count":16073,"self":0.1687891,"total":0.2099212,"children":{"RayPerceptionSensor.Perceive":{"count":16073,"self":0.0411321,"total":0.0411321,"children":null}}}}}}}},"gauges":{"My Behavior.CumulativeReward":{"count":16073,"max":0,"min":-0.00250000018,"runningAverage":-0.002239869,"value":-0.00250000018,"weightedAverage":-0.002403798}},"metadata":{"timer_format_version":"0.1.0","start_time_seconds":"1758186567","unity_version":"6000.2.0f1","command_line_arguments":"C:\\Program Files\\Unity 6000.2.0f1\\Editor\\Unity.exe -projectPath C:\\Users\\janssnic\\Documents\\AutonomCarUnity\\Autonomcar","communication_protocol_version":"1.5.0","com.unity.ml-agents_version":"4.0.0","scene_name":"Demo","end_time_seconds":"1758186738"}}